ZEIT;RAUMID;BEZ;PGR;BZR;PLR;STADTRAUM;WLEINFoL;WLEINFmL;WLMIToL;WLMITmL;WLGUToL;WLGUTmL;WLNZORD
201412;1011101;1;1;11;1;1;0;0;0;3;2178;933;0
201412;1011102;1;1;11;2;1;10;50;0;0;24;95;15
201412;1011103;1;1;11;3;1;296;444;2375;1646;314;55;0
201412;1011104;1;1;11;4;1;1670;814;1505;387;0;0;27
201412;1011105;1;1;11;5;1;0;0;41;0;919;137;0
201412;1011201;1;1;12;1;1;0;0;109;331;969;646;0
201412;1011202;1;1;12;2;1;0;0;77;110;198;113;0
201412;1011203;1;1;12;3;1;0;0;0;0;470;462;0
201412;1011204;1;1;12;4;1;0;0;1354;3490;1281;222;77
201412;1011301;1;1;13;1;1;2346;975;201;319;864;837;55
201412;1011302;1;1;13;2;1;1755;2194;5093;1740;606;749;0
201412;1011303;1;1;13;3;1;480;1080;2138;1989;884;2018;19
201412;1011304;1;1;13;4;1;0;0;3709;4715;0;0;0
201412;1011305;1;1;13;5;1;0;84;3364;3477;0;0;150
201412;1011306;1;1;13;6;1;1054;964;4863;1628;0;0;107
201412;1011401;1;1;14;1;1;4597;4947;5390;270;0;0;31
201412;1011402;1;1;14;2;1;2925;2296;6429;1000;0;0;16
201412;1022101;1;2;21;1;1;1046;2344;0;0;0;0;0
201412;1022102;1;2;21;2;1;3501;2754;0;0;0;0;0
201412;1022103;1;2;21;3;1;12;238;0;3;0;0;0
201412;1022104;1;2;21;4;1;13464;4342;0;0;0;0;0
201412;1022105;1;2;21;5;1;1808;3297;0;0;0;0;0
201412;1022106;1;2;21;6;1;114;451;4999;2089;3795;283;0
201412;1022201;1;2;22;1;1;7407;3062;0;0;0;0;0
201412;1022202;1;2;22;2;1;1044;404;0;0;0;0;0
201412;1022203;1;2;22;3;1;2067;851;2704;1151;0;0;0
201412;1022204;1;2;22;4;1;0;456;3583;1775;6;6;0
201412;1022205;1;2;22;5;1;2318;889;0;0;0;0;0
201412;1022206;1;2;22;6;1;0;0;1040;2020;0;0;0
201412;1022207;1;2;22;7;1;0;0;1094;721;1349;2313;0
201412;1033101;1;3;31;1;1;19086;6861;0;0;0;0;0
201412;1033102;1;3;31;2;1;7958;3628;0;0;0;0;0
201412;1033201;1;3;32;1;1;9664;3221;0;0;0;0;0
201412;1033202;1;3;32;2;1;7400;2297;0;0;0;0;0
201412;1033203;1;3;32;3;1;8086;5805;0;0;0;0;0
201412;1044101;1;4;41;1;1;12355;7460;66;22;0;0;0
201412;1044102;1;4;41;2;1;5482;5153;3920;1237;0;0;0
201412;1044103;1;4;41;3;1;5857;2219;0;0;0;0;0
201412;1044201;1;4;42;1;1;12697;10403;0;0;0;0;3
201412;1044202;1;4;42;2;1;14620;1737;279;0;0;0;0
201412;1044203;1;4;42;3;1;12022;3963;0;0;0;0;0
201412;2010101;2;1;1;1;1;2481;2001;1368;256;0;0;0
201412;2010102;2;1;1;2;1;2968;2054;5474;2551;0;0;0
201412;2010103;2;1;1;3;1;11065;4277;247;0;0;0;0
201412;2010104;2;1;1;4;1;2798;1749;598;0;0;0;0
201412;2020201;2;2;2;1;1;143;141;0;0;0;0;0
201412;2020202;2;2;2;2;1;1575;2749;1210;192;0;0;0
201412;2020203;2;2;2;3;1;2943;6939;692;0;0;0;94
201412;2020204;2;2;2;4;1;5896;4761;1183;355;0;0;0
201412;2020205;2;2;2;5;1;2243;2628;9936;30;0;0;0
201412;2020206;2;2;2;6;1;6753;5651;6413;111;0;0;0
201412;2030301;2;3;3;1;1;4943;3912;275;70;0;0;16
201412;2030302;2;3;3;2;1;10190;3092;0;0;0;0;0
201412;2030401;2;3;4;1;1;12218;2813;143;48;0;0;0
201412;2030402;2;3;4;2;1;8996;2277;0;0;0;0;0
201412;2040501;2;4;5;1;1;0;0;2344;3066;0;0;0
201412;2040502;2;4;5;2;1;0;0;2695;4423;0;0;0
201412;2040503;2;4;5;3;1;4863;1429;3422;966;0;0;0
201412;2040701;2;4;7;1;1;0;0;5581;6685;0;0;0
201412;2040702;2;4;7;2;1;2040;1216;4456;2907;0;0;58
201412;2040703;2;4;7;3;1;0;0;215;590;0;0;50
201412;2050601;2;5;6;1;1;5301;3451;0;0;0;0;0
201412;2050602;2;5;6;2;1;8244;3473;6072;1821;0;0;21
201412;2050801;2;5;8;1;1;6495;3819;4492;3973;0;0;32
201412;2050802;2;5;8;2;1;6780;8006;3260;1795;0;0;0
201412;2050803;2;5;8;3;1;3848;2784;0;0;0;0;0
201412;2050804;2;5;8;4;1;0;0;2549;0;911;0;40
201412;3010101;3;1;1;1;2;279;375;2180;312;0;0;151
201412;3010102;3;1;1;2;2;6998;1299;2147;751;0;0;12
201412;3010104;3;1;1;4;2;6;201;0;0;0;0;6
201412;3020203;3;2;2;3;2;1902;158;0;0;0;0;9
201412;3020209;3;2;2;9;2;2161;659;93;0;7338;3435;345
201412;3020210;3;2;2;10;2;1826;585;1542;196;4745;1387;148
201412;3020307;3;2;3;7;2;6934;2095;6209;1693;0;0;287
201412;3030405;3;3;4;5;2;1036;0;8822;718;0;0;0
201412;3030406;3;3;4;6;2;519;0;4912;2658;0;0;68
201412;3030711;3;3;7;11;2;4037;2675;0;0;0;0;33
201412;3030715;3;3;7;15;2;30;104;5006;1338;0;0;105
201412;3030716;3;3;7;16;2;6;0;1083;29;0;0;10
201412;3040508;3;4;5;8;2;24;0;0;0;3787;755;21
201412;3040512;3;4;5;12;2;4;0;358;0;7230;1910;18
201412;3040513;3;4;5;13;2;610;239;229;59;1370;840;10
201412;3040614;3;4;6;14;2;923;1525;20212;8754;2278;435;106
201412;3040818;3;4;8;18;2;6944;2607;19997;4136;0;0;30
201412;3050919;3;5;9;19;2;0;0;4788;522;10;0;0
201412;3050920;3;5;9;20;2;0;0;2694;1703;2203;409;15
201412;3050923;3;5;9;23;2;3113;1349;2131;2179;0;0;0
201412;3050924;3;5;9;24;2;1364;838;1855;1476;114;0;0
201412;3050925;3;5;9;25;2;0;0;7241;1438;0;0;0
201412;3051017;3;5;10;17;2;285;171;2534;1133;0;0;0
201412;3051021;3;5;10;21;2;0;0;5380;1104;0;0;0
201412;3051022;3;5;10;22;2;0;45;3285;1185;0;0;3
201412;3061126;3;6;11;26;1;8718;5368;53;819;0;0;39
201412;3061131;3;6;11;31;1;6864;2350;54;855;0;0;62
201412;3061227;3;6;12;27;1;5030;3524;4001;1858;0;0;0
201412;3061228;3;6;12;28;1;3067;2662;4595;2059;0;0;3
201412;3061332;3;6;13;32;1;1066;1691;14762;4726;0;0;0
201412;3061429;3;6;14;29;1;3484;1560;4352;767;0;0;0
201412;3061430;3;6;14;30;1;3;423;1843;702;0;0;0
201412;3061434;3;6;14;34;1;3665;1673;740;0;0;0;0
201412;3061435;3;6;14;35;1;1025;1461;665;774;0;0;0
201412;3061441;3;6;14;41;1;0;0;2281;61;0;0;0
201412;3071536;3;7;15;36;1;3242;2538;3774;1107;0;0;0
201412;3071537;3;7;15;37;1;0;0;3320;3569;7516;106;0
201412;3071633;3;7;16;33;1;2230;167;339;0;0;0;0
201412;3071638;3;7;16;38;1;3217;3435;7847;2301;0;0;0
201412;3071639;3;7;16;39;1;31;1870;8708;1714;0;0;0
201412;4010101;4;1;1;1;2;3656;219;5136;1325;3;0;0
201412;4010102;4;1;1;2;2;290;304;129;49;0;0;0
201412;4010103;4;1;1;3;2;1012;291;4423;1905;0;0;0
201412;4020204;4;2;2;4;2;87;0;0;0;24;0;4
201412;4020205;4;2;2;5;2;0;0;0;0;681;583;0
201412;4020206;4;2;2;6;2;0;0;0;0;2459;111;0
201412;4020207;4;2;2;7;2;18;0;0;0;2179;427;0
201412;4020208;4;2;2;8;2;0;0;0;0;2347;493;6
201412;4020209;4;2;2;9;2;0;0;0;0;2535;593;0
201412;4020310;4;2;3;10;2;40;149;224;187;0;0;0
201412;4020311;4;2;3;11;2;0;0;0;0;8404;5749;0
201412;4020312;4;2;3;12;2;0;0;0;0;3948;1085;3
201412;4020313;4;2;3;13;2;0;0;596;1780;2603;2367;0
201412;4020314;4;2;3;14;2;0;6;0;0;0;3;0
201412;4030415;4;3;4;15;1;0;0;1829;917;0;4;0
201412;4030416;4;3;4;16;1;0;0;8168;2108;0;0;0
201412;4030417;4;3;4;17;1;0;0;5390;4144;1209;15;0
201412;4030518;4;3;5;18;1;3118;3580;1760;608;234;13;0
201412;4030519;4;3;5;19;1;420;1046;2596;1419;74;42;0
201412;4030620;4;3;6;20;1;0;249;4839;2319;950;123;0
201412;4030621;4;3;6;21;1;1533;1451;0;0;0;0;0
201412;4030622;4;3;6;22;1;0;0;3460;3106;2842;778;0
201412;4030623;4;3;6;23;1;0;0;1741;652;517;1588;46
201412;4030724;4;3;7;24;1;0;0;0;0;3398;2875;21
201412;4030725;4;3;7;25;1;0;381;0;1221;4383;5837;0
201412;4030726;4;3;7;26;1;0;0;0;117;3872;1418;0
201412;4030827;4;3;8;27;1;0;640;3809;2471;2626;2230;76
201412;4030828;4;3;8;28;1;0;0;0;0;4961;4354;0
201412;4030929;4;3;9;29;1;0;0;1225;620;3064;929;0
201412;4030930;4;3;9;30;1;0;0;0;0;2693;2751;0
201412;4030931;4;3;9;31;1;0;0;0;0;1763;1669;0
201412;4031032;4;3;10;32;1;0;0;1217;492;6031;6898;0
201412;4041133;4;4;11;33;2;0;38;0;0;0;6;0
201412;4041134;4;4;11;34;2;0;0;0;0;3175;1767;37
201412;4041135;4;4;11;35;2;0;0;0;3;2000;759;0
201412;4041136;4;4;11;36;2;0;0;0;0;2427;560;3
201412;4041137;4;4;11;37;2;0;0;3430;1593;1676;1030;0
201412;4041238;4;4;12;38;2;0;0;339;176;4257;775;50
201412;4041239;4;4;12;39;2;6;3;141;36;0;0;0
201412;4041240;4;4;12;40;2;0;0;0;0;1056;495;0
201412;4041241;4;4;12;41;2;0;0;0;0;5769;1183;0
201412;4041342;4;4;13;42;2;0;0;2610;1075;207;82;0
201412;4041343;4;4;13;43;2;0;0;0;0;2968;572;0
201412;4041344;4;4;13;44;2;0;0;916;211;6153;3380;0
201412;4051445;4;5;14;45;1;0;0;484;809;2703;2120;0
201412;4051446;4;5;14;46;1;0;0;0;0;7264;3185;0
201412;4051447;4;5;14;47;1;0;0;0;0;3991;1182;0
201412;4051448;4;5;14;48;1;0;0;0;0;6111;2804;0
201412;4051549;4;5;15;49;1;0;0;1155;1846;449;777;0
201412;4051550;4;5;15;50;1;0;0;0;0;3790;1581;0
201412;4051551;4;5;15;51;1;0;0;145;1226;1333;1566;0
201412;4051652;4;5;16;52;1;0;0;0;0;6447;3043;0
201412;4051653;4;5;16;53;1;0;0;0;0;5404;1219;0
201412;4051654;4;5;16;54;1;0;0;49;124;1784;984;0
201412;4051655;4;5;16;55;1;0;0;0;0;3940;2971;0
201412;4051656;4;5;16;56;1;0;0;0;417;4823;2234;0
201412;4061757;4;6;17;57;2;0;0;46;6;3;12;0
201412;5010101;5;1;1;1;2;4507;2004;3421;27;0;0;0
201412;5010102;5;1;1;2;2;1003;486;3835;347;0;0;0
201412;5010103;5;1;1;3;2;121;51;6218;1023;0;0;0
201412;5010204;5;1;2;4;2;0;0;2895;238;0;0;9
201412;5010205;5;1;2;5;2;1427;476;0;0;0;0;3
201412;5010206;5;1;2;6;2;0;0;8716;1229;0;0;0
201412;5010207;5;1;2;7;2;9024;1305;787;0;0;0;0
201412;5010208;5;1;2;8;2;5567;1897;0;0;0;0;0
201412;5010209;5;1;2;9;2;970;66;2981;1988;0;0;9
201412;5010310;5;1;3;10;2;3135;626;0;0;0;0;0
201412;5010311;5;1;3;11;2;1091;2946;1110;347;0;0;6
201412;5010312;5;1;3;12;2;4676;1593;303;198;0;0;0
201412;5010313;5;1;3;13;2;5098;1190;203;6;0;0;0
201412;5010314;5;1;3;14;2;2637;1460;5581;1987;0;0;6
201412;5010339;5;1;3;39;2;163;285;0;0;0;0;0
201412;5020415;5;2;4;15;2;3412;482;0;0;0;0;6
201412;5020416;5;2;4;16;2;1662;74;0;0;0;0;0
201412;5020417;5;2;4;17;2;4116;668;546;370;0;0;9
201412;5020418;5;2;4;18;2;2873;377;639;79;0;0;3
201412;5020419;5;2;4;19;2;5680;681;515;9;0;0;12
201412;5020420;5;2;4;20;2;741;188;0;0;0;0;0
201412;5020521;5;2;5;21;2;2305;441;0;0;0;0;130
201412;5020522;5;2;5;22;2;4639;1093;1284;98;0;0;3
201412;5020523;5;2;5;23;2;9813;1800;0;0;0;0;0
201412;5020524;5;2;5;24;2;3889;380;1498;279;0;0;36
201412;5020625;5;2;6;25;2;4363;2586;250;218;0;0;0
201412;5020626;5;2;6;26;2;11749;5422;0;0;0;0;3
201412;5020627;5;2;6;27;2;1234;2142;513;0;0;0;0
201412;5020628;5;2;6;28;2;1356;629;0;0;0;0;0
201412;5020629;5;2;6;29;2;141;10;1383;724;1882;230;0
201412;5030730;5;3;7;30;2;1473;464;1717;0;0;0;132
201412;5030731;5;3;7;31;2;2226;803;6736;1734;0;0;0
201412;5030832;5;3;8;32;2;7630;2043;1353;320;0;0;0
201412;5030833;5;3;8;33;2;274;1133;0;0;0;0;0
201412;5040934;5;4;9;34;2;0;0;3538;434;0;0;12
201412;5040935;5;4;9;35;2;0;0;382;36;0;0;0
201412;5040936;5;4;9;36;2;0;0;7163;366;1400;86;309
201412;5040937;5;4;9;37;2;0;0;2031;84;0;0;33
201412;5040938;5;4;9;38;2;0;0;3526;36;0;0;3
201412;6010101;6;1;1;1;2;0;0;0;119;5519;1170;12
201412;6010102;6;1;1;2;2;0;0;1028;1388;4478;1861;0
201412;6010103;6;1;1;3;2;0;0;152;909;3957;1316;0
201412;6010204;6;1;2;4;2;618;139;4520;1547;0;6;0
201412;6010205;6;1;2;5;2;416;581;5969;2652;0;0;9
201412;6010206;6;1;2;6;2;0;0;4469;2164;650;355;0
201412;6010207;6;1;2;7;2;0;0;4664;2647;303;249;0
201412;6010208;6;1;2;8;2;0;0;2234;1366;1758;1029;46
201412;6010209;6;1;2;9;2;0;0;4986;2939;902;215;13
201412;6010210;6;1;2;10;2;0;0;3066;1821;0;0;0
201412;6020301;6;2;3;1;2;0;0;4113;872;0;0;0
201412;6020302;6;2;3;2;2;0;0;2917;1155;1319;0;0
201412;6020303;6;2;3;3;2;0;0;5242;2007;0;0;0
201412;6020304;6;2;3;4;2;0;0;6068;731;88;0;0
201412;6020305;6;2;3;5;2;4841;734;5035;520;0;0;9
201412;6020306;6;2;3;6;2;2864;265;430;137;2437;282;0
201412;6020407;6;2;4;7;2;4134;690;0;0;0;0;0
201412;6020408;6;2;4;8;2;2344;204;2378;1548;0;0;3
201412;6020409;6;2;4;9;2;0;0;1385;1531;3943;1363;0
201412;6020410;6;2;4;10;2;0;0;2943;669;2443;823;6
201412;6020411;6;2;4;11;2;0;0;7752;693;0;0;0
201412;6030501;6;3;5;1;2;0;0;3756;186;1309;331;0
201412;6030502;6;3;5;2;2;0;0;5262;188;0;0;0
201412;6030503;6;3;5;3;2;0;0;3607;2322;3569;1774;0
201412;6030504;6;3;5;4;2;0;0;5412;762;4007;759;18
201412;6030605;6;3;6;5;2;0;0;15;623;4335;1960;0
201412;6030606;6;3;6;6;2;0;0;622;97;2592;1964;0
201412;6030607;6;3;6;7;2;578;897;1166;600;0;0;0
201412;6030608;6;3;6;8;2;0;0;5899;483;5142;443;3
201412;6030609;6;3;6;9;2;0;0;0;0;7750;4088;9
201412;6030610;6;3;6;10;2;0;0;0;0;6771;1388;0
201412;6040701;6;4;7;1;2;0;0;769;89;6959;1801;13
201412;6040702;6;4;7;2;2;0;0;2081;388;2827;64;0
201412;6040703;6;4;7;3;2;0;0;15;25;8194;2479;3
201412;6040804;6;4;8;4;2;0;0;0;0;6520;963;0
201412;6040805;6;4;8;5;2;0;0;1171;0;3250;793;64
201412;6040806;6;4;8;6;2;0;0;0;0;5690;1537;0
201412;6040807;6;4;8;7;2;0;0;0;0;4049;1704;0
201412;6040808;6;4;8;8;2;0;0;0;0;3750;391;9
201412;6040809;6;4;8;9;2;0;0;0;0;3791;1178;0
201412;6040810;6;4;8;10;2;0;0;0;0;5766;1088;0
201412;7010101;7;1;1;1;1;0;0;0;0;6591;2806;0
201412;7010102;7;1;1;2;1;1752;1338;2683;1669;6088;1920;0
201412;7010103;7;1;1;3;1;0;0;3958;1510;3590;898;0
201412;7010104;7;1;1;4;1;6567;3702;1935;1308;0;0;0
201412;7020201;7;2;2;1;1;0;0;0;387;7606;2342;0
201412;7020202;7;2;2;2;1;0;1267;2443;2010;3664;448;0
201412;7020203;7;2;2;3;1;3665;2065;4155;3414;3863;136;0
201412;7020204;7;2;2;4;1;8814;2515;0;0;0;0;66
201412;7030301;7;3;3;1;1;0;0;0;0;15984;7886;0
201412;7030302;7;3;3;2;1;52;269;430;1122;5073;2205;0
201412;7030303;7;3;3;3;1;348;904;7389;3432;0;0;0
201412;7040401;7;4;4;1;2;519;42;7338;4047;3952;1228;0
201412;7040402;7;4;4;2;2;900;92;1043;67;0;0;0
201412;7040403;7;4;4;3;2;113;171;16335;6799;0;0;0
201412;7040404;7;4;4;4;2;0;278;3010;1769;0;0;0
201412;7040405;7;4;4;5;2;1520;2436;4706;1902;0;0;3
201412;7040406;7;4;4;6;2;2341;1249;0;0;0;0;0
201412;7050501;7;5;5;1;2;3475;2199;6485;3713;0;0;0
201412;7050502;7;5;5;2;2;5053;1428;439;780;0;0;0
201412;7050503;7;5;5;3;2;5272;1376;1855;584;0;0;19
201412;7050504;7;5;5;4;2;1538;115;3332;495;0;0;0
201412;7050505;7;5;5;5;2;222;877;7387;1959;0;0;15
201412;7050506;7;5;5;6;2;0;0;1689;514;0;0;6
201412;7060601;7;6;6;1;2;1513;398;6166;1824;0;0;0
201412;7060602;7;6;6;2;2;360;84;3682;480;0;0;0
201412;7060603;7;6;6;3;2;2321;416;3;0;0;0;0
201412;7060604;7;6;6;4;2;9568;960;2643;488;0;0;184
201412;7070701;7;7;7;1;2;4254;707;4272;1172;0;0;3
201412;7070702;7;7;7;2;2;1161;577;7124;1246;0;0;43
201412;7070703;7;7;7;3;2;4472;382;1939;687;0;0;0
201412;7070704;7;7;7;4;2;5964;117;1880;167;0;0;0
201412;7070705;7;7;7;5;2;0;0;6198;807;0;0;3
201412;7070706;7;7;7;6;2;0;0;3248;475;0;0;0
201412;7070707;7;7;7;7;2;483;0;2141;165;0;0;34
201412;8010115;8;1;1;15;1;3;861;3;0;0;0;0
201412;8010116;8;1;1;16;1;2029;1495;0;0;0;0;0
201412;8010117;8;1;1;17;1;14101;2007;0;0;0;0;0
201412;8010118;8;1;1;18;1;6161;5612;0;0;0;0;0
201412;8010211;8;1;2;11;1;5246;4958;0;0;0;0;0
201412;8010212;8;1;2;12;1;4949;2525;0;0;0;0;0
201412;8010213;8;1;2;13;1;10153;2659;0;0;0;0;0
201412;8010214;8;1;2;14;1;4617;3632;0;0;0;0;0
201412;8010301;8;1;3;1;1;22020;6119;0;0;0;0;0
201412;8010302;8;1;3;2;1;3258;522;0;0;0;0;0
201412;8010303;8;1;3;3;1;3032;5520;0;0;0;0;0
201412;8010404;8;1;4;4;1;17975;5422;0;0;0;0;0
201412;8010405;8;1;4;5;1;7202;1833;0;0;0;0;0
201412;8010406;8;1;4;6;1;6494;537;0;0;0;0;0
201412;8010407;8;1;4;7;1;788;13;0;0;0;0;0
201412;8010508;8;1;5;8;1;5083;391;0;0;0;0;0
201412;8010509;8;1;5;9;1;7614;1894;0;0;0;0;0
201412;8010510;8;1;5;10;1;59;224;70;30;0;0;0
201412;8020619;8;2;6;19;2;4119;3341;3110;9;0;0;0
201412;8020620;8;2;6;20;2;6895;2331;0;0;0;0;0
201412;8020621;8;2;6;21;2;1885;226;207;0;0;0;0
201412;8020622;8;2;6;22;2;2458;896;8598;2243;0;0;0
201412;8020623;8;2;6;23;2;607;657;0;0;0;0;0
201412;8020624;8;2;6;24;2;1035;107;0;0;0;0;0
201412;8020625;8;2;6;25;2;1241;1185;807;98;0;0;0
201412;8020726;8;2;7;26;2;4966;761;2208;356;0;0;0
201412;8020727;8;2;7;27;2;8960;1269;1157;47;0;0;3
201412;8020728;8;2;7;28;2;7191;547;518;30;0;0;0
201412;8030829;8;3;8;29;2;9747;2544;36;0;0;0;0
201412;8030830;8;3;8;30;2;6295;977;0;0;0;0;0
201412;8030831;8;3;8;31;2;15591;1043;157;76;0;0;0
201412;8040932;8;4;9;32;2;2745;12;0;0;0;0;0
201412;8040933;8;4;9;33;2;2456;630;581;274;0;0;0
201412;8040934;8;4;9;34;2;2004;682;0;0;0;0;0
201412;8041035;8;4;10;35;2;0;0;7031;816;0;0;0
201412;8041036;8;4;10;36;2;5495;305;999;0;0;0;3
201412;8041037;8;4;10;37;2;2889;640;5969;131;0;0;3
201412;8041038;8;4;10;38;2;5610;534;463;36;0;0;47
201412;8041039;8;4;10;39;2;87;157;3297;95;0;0;89
201412;8041040;8;4;10;40;2;6230;573;1051;122;0;0;15
201412;9010101;9;1;1;1;2;6248;1846;3069;96;0;0;71
201412;9010102;9;1;1;2;2;0;0;50;21;0;0;0
201412;9010201;9;1;2;1;2;0;0;2120;2132;0;0;0
201412;9010202;9;1;2;2;2;0;0;4249;2473;0;0;0
201412;9010301;9;1;3;1;2;36;431;9315;4913;0;0;9
201412;9010302;9;1;3;2;2;2190;259;281;181;0;0;32
201412;9010401;9;1;4;1;2;287;666;4889;1963;0;0;39
201412;9010402;9;1;4;2;2;1138;191;6196;3197;0;0;15
201412;9020501;9;2;5;1;2;3813;2012;0;3;0;0;319
201412;9020502;9;2;5;2;2;3181;1970;7784;1270;0;0;9
201412;9020601;9;2;6;1;2;1429;3286;1860;862;0;0;0
201412;9020602;9;2;6;2;2;1300;578;1532;24;0;0;0
201412;9020701;9;2;7;1;2;96;141;0;3;0;0;268
201412;9020702;9;2;7;2;2;377;1245;11300;2961;0;0;51
201412;9020801;9;2;8;1;2;0;0;1838;1043;0;0;0
201412;9020802;9;2;8;2;2;1221;2535;1366;2109;0;0;37
201412;9030901;9;3;9;1;2;2725;905;6672;1871;0;0;144
201412;9030902;9;3;9;2;2;4026;0;1801;0;0;0;0
201412;9030903;9;3;9;3;2;0;0;6481;1298;0;0;21
201412;9031001;9;3;10;1;2;5505;1135;4893;645;0;0;62
201412;9031101;9;3;11;1;2;0;3;2048;1183;2038;359;18
201412;9031201;9;3;12;1;2;6;0;1716;42;0;0;0
201412;9031202;9;3;12;2;2;1194;183;944;15;0;0;15
201412;9041301;9;4;13;1;2;76;93;12866;626;145;3;124
201412;9041302;9;4;13;2;2;0;0;0;0;1614;175;3
201412;9041401;9;4;14;1;2;50;113;3737;908;0;0;37
201412;9041402;9;4;14;2;2;0;0;1151;329;0;0;0
201412;9041501;9;4;15;1;2;478;1257;3979;1429;0;0;30
201412;9041601;9;4;16;1;2;256;19;6089;149;0;0;9
201412;9051701;9;5;17;1;2;0;0;1650;1527;296;37;12
201412;9051702;9;5;17;2;2;8;49;5792;2668;4035;1606;225
201412;9051801;9;5;18;1;2;51;49;5063;377;2962;476;63
201412;9051901;9;5;19;1;2;509;550;5744;3082;0;0;190
201412;9052001;9;5;20;1;2;9;136;8952;3194;0;0;9
201412;10010101;10;1;1;1;2;5305;234;0;0;0;0;6
201412;10010102;10;1;1;2;2;16539;1184;0;0;0;0;3
201412;10010203;10;1;2;3;2;769;19;0;0;0;0;0
201412;10010204;10;1;2;4;2;7107;212;2817;0;0;0;84
201412;10010205;10;1;2;5;2;2049;399;4478;1109;0;0;0
201412;10010206;10;1;2;6;2;6094;575;8607;1130;0;0;0
201412;10010207;10;1;2;7;2;0;0;7685;2970;0;0;0
201412;10010308;10;1;3;8;2;743;1300;0;0;0;0;105
201412;10010309;10;1;3;9;2;1827;1594;7439;3543;0;0;0
201412;10010310;10;1;3;10;2;12381;963;3597;613;0;0;49
201412;10010311;10;1;3;11;2;0;0;2275;669;0;0;0
201412;10020412;10;2;4;12;2;0;0;5231;1386;0;0;0
201412;10020413;10;2;4;13;2;131;0;11419;3366;0;0;51
201412;10020414;10;2;4;14;2;0;0;1393;265;0;0;0
201412;10020415;10;2;4;15;2;0;0;5058;246;0;0;0
201412;10020416;10;2;4;16;2;0;0;5406;0;0;0;0
201412;10020517;10;2;5;17;2;0;0;7530;1256;0;0;0
201412;10020518;10;2;5;18;2;0;0;4263;782;0;0;0
201412;10020519;10;2;5;19;2;0;0;5242;557;0;0;0
201412;10020620;10;2;6;20;2;0;0;3351;6;0;0;0
201412;10020621;10;2;6;21;2;0;0;5915;0;0;0;0
201412;10020622;10;2;6;22;2;0;0;8717;0;0;0;0
201412;10020623;10;2;6;23;2;0;0;6103;0;404;0;0
201412;10030724;10;3;7;24;2;0;0;6510;1205;0;0;13
201412;10030725;10;3;7;25;2;3363;106;2006;332;0;0;3
201412;10030726;10;3;7;26;2;1312;898;361;260;0;0;13
201412;10030727;10;3;7;27;2;5695;1701;1636;0;0;0;156
201412;10040828;10;4;8;28;2;0;3;5117;0;2239;223;27
201412;10040829;10;4;8;29;2;0;0;0;0;3250;326;7
201412;10040830;10;4;8;30;2;6460;814;76;0;0;0;76
201412;10040931;10;4;9;31;2;8118;905;7;18;0;0;76
201412;10040932;10;4;9;32;2;2536;358;930;78;0;0;3
201412;10040933;10;4;9;33;2;13448;860;0;0;0;0;97
201412;11010101;11;1;1;1;2;115;445;0;0;0;0;0
201412;11010102;11;1;1;2;2;1881;263;257;0;0;0;161
201412;11010103;11;1;1;3;2;1073;206;0;0;0;0;6
201412;11010204;11;1;2;4;2;0;0;8818;0;0;0;0
201412;11010205;11;1;2;5;2;0;0;5029;1641;0;0;0
201412;11010206;11;1;2;6;2;0;0;4300;1513;0;0;40
201412;11010207;11;1;2;7;2;0;0;4961;1921;0;0;0
201412;11010308;11;1;3;8;2;0;0;10996;0;0;0;0
201412;11010309;11;1;3;9;2;120;0;8277;1154;0;0;0
201412;11010310;11;1;3;10;2;0;0;3550;1687;0;0;0
201412;11020411;11;2;4;11;2;0;0;5969;1589;0;0;221
201412;11020412;11;2;4;12;2;304;70;3155;2498;0;0;61
201412;11020513;11;2;5;13;2;0;0;1855;145;1169;221;0
201412;11020514;11;2;5;14;2;0;0;6408;1859;0;0;19
201412;11020515;11;2;5;15;2;0;0;11030;3287;0;0;0
201412;11020516;11;2;5;16;2;412;54;3039;197;0;0;3
201412;11030617;11;3;6;17;2;0;0;1727;4394;0;0;3
201412;11030618;11;3;6;18;2;0;0;11311;4439;0;0;0
201412;11030619;11;3;6;19;2;401;84;5132;4979;0;0;0
201412;11030720;11;3;7;20;2;3193;1855;0;80;0;0;0
201412;11030721;11;3;7;21;2;6145;4573;7594;3378;0;0;256
201412;11030824;11;3;8;24;2;3982;2110;2533;1379;0;0;0
201412;11040925;11;4;9;25;2;2890;654;0;0;0;0;9
201412;11040926;11;4;9;26;2;15457;6055;5542;128;0;0;32
201412;11041022;11;4;10;22;2;1344;2603;1046;74;0;0;21
201412;11041023;11;4;10;23;2;1701;2923;566;712;0;0;0
201412;11041027;11;4;10;27;2;96;1083;1017;542;0;0;0
201412;11041128;11;4;11;28;2;4892;2385;14509;2911;0;0;0
201412;11051229;11;5;12;29;2;106;357;2168;738;0;0;51
201412;11051330;11;5;13;30;2;638;22;3400;520;3287;373;0
201412;11051331;11;5;13;31;2;0;0;7836;1653;0;0;106
201412;11051332;11;5;13;32;2;0;0;3427;545;1515;956;48
201412;12103115;12;10;31;15;2;4299;3150;0;0;0;0;0
201412;12103116;12;10;31;16;2;3512;5668;0;0;0;0;0
201412;12103117;12;10;31;17;2;5050;4989;0;0;0;0;0
201412;12103218;12;10;32;18;2;5916;5236;1553;312;0;0;0
201412;12103219;12;10;32;19;2;1324;7221;0;0;0;0;6
201412;12103220;12;10;32;20;2;3136;1318;134;0;0;0;0
201412;12214125;12;21;41;25;2;891;1583;3394;1134;0;0;3
201412;12214126;12;21;41;26;2;33;0;6137;1381;0;0;0
201412;12214421;12;21;44;21;2;1349;1027;227;0;0;0;0
201412;12214422;12;21;44;22;2;4616;3072;0;0;0;0;0
201412;12214423;12;21;44;23;2;4402;1132;0;0;0;0;0
201412;12214424;12;21;44;24;2;5877;4448;0;0;0;0;0
201412;12214527;12;21;45;27;2;18;33;2755;1868;5554;152;0
201412;12214528;12;21;45;28;2;66;25;103;0;0;59;0
201412;12224229;12;22;42;29;2;0;0;5899;102;0;0;12
201412;12224230;12;22;42;30;2;3544;252;11650;1725;340;188;161
201412;12231101;12;23;11;1;2;24;12;4982;602;9191;1470;6
201412;12231102;12;23;11;2;2;0;0;1617;22;14542;505;0
201412;12301203;12;30;12;3;2;0;139;10302;3990;0;0;45
201412;12301204;12;30;12;4;2;0;19;4931;1217;0;0;0
201412;12301205;12;30;12;5;2;0;0;3672;1153;0;0;0
201412;12301206;12;30;12;6;2;153;0;4327;476;0;0;13
201412;12302107;12;30;21;7;2;1781;1224;0;0;0;0;0
201412;12302108;12;30;21;8;2;12180;1346;0;0;0;0;0
201412;12302109;12;30;21;9;2;9077;2106;0;0;0;0;0
201412;12302110;12;30;21;10;2;6987;2970;0;0;0;0;0
201412;12302211;12;30;22;11;2;2850;427;0;0;0;0;3
201412;12302212;12;30;22;12;2;0;0;5297;175;0;0;0
201412;12304313;12;30;43;13;2;4890;1562;0;0;0;0;0
201412;12304314;12;30;43;14;2;0;0;7672;2007;0;0;0
